sample_id,edge_id,citing_paper_title,cited_paper_title,alignment_status,target_reference_marker,target_reference_entry,all_target_aligned_contexts,LLM_section,LLM_sentiment,LLM_relevance,LLM_confidence,LLM_q,section_bucket,relevance_bucket,q_bucket,stratum,human_primary_section,human_sentiment,human_relevance,human_alignment_check,annotation_note
S001,W3195579788->W3089176333,Data pricing in machine learning pipelines,Towards Query Pricing on Incomplete Data,high_confidence,75,"Miao X, Gao Y , Chen L, Peng H, Yin J, Li Q (2020) Towards query pricing on incomplete data. IEEE Trans Knowl Data Eng","Miao et al. [ 75] study the problem of pricing selection-projection-natural join queries over incomplete databases. An arbitrage-free pricing function is proposed based on the idea ofdata provenance, which describes the origins of a piece of data and its processing history [ 10, 107].

... [another target-aligned mention] ...

QueryMarket [ 59] tracks the purchased views of a customer and avoids charging those views when pricing future queries of the customer. Both[29]a n d[ 75] support history-aware pricing in the same vein as [ 59]. One drawback of these history-based approaches is that the seller must provide reliable storage to keep users’ queryhistory [ 111].

... [another target-aligned mention] ...

Cong et al. Table 1 The representative data pricing models of raw data sets Product Objectives References General data No speciﬁc optimization goals [ 43] (1) Revenue maximization [ 117] Sensing data (1) Truthfulness; (2) Individual rationality; (3) Proﬁtability[115] (1) Truthfulness; (2) Social welfare maximization[52] (1) Truthfulness (2) Buyer’s cost minimization [ 60] Chain queries, conjunctive queries, and cyclic queries(1) Arbitrage-freeness; (2) Discount-freeness [ 58] Conjunctive queries (1) Arbitrage-freeness; (2) Discount-freeness; (3) History-awareness; (4) Fairness[59] General data queries (1) Arbitrage-freeness [ 28], [65] (1) Arbitrage-freeness; (2) History-awareness [ 29] (1) Arbitrage-freeness; (2) Revenue maximization[16] Selection-projection-natural join queries over incomplete databases(1) Arbitrage-freeness; (2) History-awareness [ 75] Selection queries (1) History-awareness [ 111] Counting queries on binary data (1) Privacy compensation; (2) Truthfulness; (3) Buyer’s cost minimization[38] Linear aggregation queries (1) Privacy compensation; (2) Query accuracy maximization under budget constraint[21] (1) Privacy compensation; (2) Personalized maximum tolerable privacy loss; (3) Queryaccuracy maximization under budgetconstraint[83] (1) Privacy compensation; (2) Truthfulness; (3) Personalized maximum tolerable privacy loss; (4) Query accuracy maximization under budget constraint[121] (1) Privacy compensation; (2) Arbitrage-freeness [ 62] (1) Privacy compensation; (2) Arbitrage-freeness; (3) Dependency fairness[84] Geo-location data (1) Privacy compensation; (2) Data accuracy maximization under budget constraint[53] tables can be used as a starting point in helping data pricing practitioners to choose the right pricing models for their settings. Tables 1,2,3,a n d 4have three columns.",Methodology,0.35,0.95,0.86,0.6091875,Methodology,high,high,high_confidence|Methodology|high|high,,,,,
S002,W4210813858->W3084177365,Data Boundary and Data Pricing Based on the Shapley Value,A Survey on Data Pricing: From Economics to Data Science,high_confidence,[3],"J. Pei, ``A survey on data pricing: From economics to data science,'' IEEE Trans. Knowl. Data Eng., early access, Dec. 21, 2020, doi: 10.1109/TKDE.2020.3045927.","Recent studies and prac- tices have approached the commoditization of data in various ways, leading to the concepts of data pricing and data market. The associate editor coordinating the review of this manuscript and approving it for publication was Abdel-Hamid Soliman .Data pricing is to price data as asset and ensure that data can be sold or purchased as a commodity in business and economic activities [3]. The data market [4], [5] is where we trade data for revenue.",Other,0.0,0.45,0.82,0.02025,Other,mid,low,high_confidence|Other|mid|low,,,,,
S003,W2508874533->W2010653253,Smart Media Pricing (SMP): Non-uniform packet pricing game for wireless multimedia communications,A survey of smart data pricing,grouped,[1],"Cisco, Cisco Visual Networking Index, “Global mobile data traf- ﬁc forecast update 2014–2019. white paper c11-520862,” Avail- able on http://www. cisco. com/c/en/us/solutions/collateral/service- provider/visual-networking-index-vni/white paper c11-520862. html . [2]S. Sen, C. Joe-Wong, S. Ha, and M. Chiang, “Smart data pricing (SDP): economic solutions to network congestion,” ACM SIGCOMM Recent Advances in Networking , pp. 221–274, 2013. [3]A. Mas-Colell, M. D. Whinston, J. R. Green et al. ,Microeconomic theory . Oxford university press New York, 1995, vol. 1. [4]S. Sen, C. Joe-Wong, S. Ha, and M. Chiang, “A survey of smart data pricing: Past proposals, current plans, and future trends,” ACM Computing Surveys (CSUR) , vol. 46, no. 2, p. 15, 2013. [5]P. Hande, M. Chiang, R. Calderbank, and J. Zhang, “Pricing under constraints in access networks: Revenue maximization and congestion management,” in Proceedings of IEEE INFOCOM , 2010, pp. 1–9. [6]M. Andrews, U. Ozen, M. Reiman, Q. Wang et al. , “Economic models of sponsored content in wireless networks with uncertain demand,” in Proceedings of IEEE INFOCOM , 2013, pp. 3213–3218. [7]C.-K. Chau, Q. Wang, and D.-M. Chiu, “On the viability of paris metro pricing for communication and service networks,” in Proceedings of IEEE INFOCOM , 2010, pp. 1–9. [8]S. Ha, S. Sen, C. Joe-Wong, Y. Im, and M. Chiang, “Tube: time- dependent pricing for mobile data,” ACM SIGCOMM Computer Com- munication Review , vol. 42, no. 4, pp. 247–258, 2012. [9]S. Sen, C. Joe-Wong, S. Ha, and M. Chiang, “Incentivizing time-shifting of data: a survey of time-dependent pricing for internet access,” IEEE Communications Magazine , vol. 50, no. 11, pp. 91–99, 2012.","I. INTRODUCTION The Cisco Visual Network Index predicted that global mobile data trafﬁc will increase nearly tenfold between 2014 and 2019, and mobile video trafﬁc will account for 72% of the total mobile data trafﬁc by 2019 [1]. It will be enormous strain on already-overburdened mobile networks to meet this big multimedia data demand, which drives mobile network operators to innovate new pricing schemes.

... [another target-aligned mention] ...

The searching table can be updated with the dynamic estimated channel quality in spare time periods between transmitting video sequences. Then, the optimal power and price can be searched directly from the table when non-uniform SMP wasAlgorithm 1 : Non-Uniform Media Pricing Initialization: 1:Initialize the currency gain a, unit cost c, channel quality G, frequency bandwidth W, symbol rate Rs, noise power density N0, maximum iteration steps M, and distortion reduction Diand length Li; i2[1; N]. Iteration: 2:while i+ + 2[1; N]do 3: SetD=DiandL=Li; 4: Initialize Umax = 0; 5: Let =linspace (min; max; M); 6: while m= 1 :Mdo 7: Set= (m)and initialize P0= 0; 8: LetF(P) = Lexp ( ",Methodology,0.0,0.79,0.7200000000000001,0.31205,Methodology,high,high,grouped|Methodology|high|high,,,,,
S004,W4226305897->W2790400697,Business Data Sharing through Data Marketplaces: A Systematic Literature Review,"A Survey on Big Data Market: Pricing, Trading and Protection",grouped,139,"Liang, F.; Yu, W.; An, D.; Yang, Q.; Fu, X.; Zhao, W. A Survey on Big Data Market: Pricing, Trading and Protection. IEEE Access 2018 ,6, 15132–15154. [CrossRef]","[124] Market analysis Examining the market size and value of data marketplaces. [125–127] Pricing mechanismsDiscussing mathematical or economic approaches in evaluating, valuating, or pricing datasets (or data services) in data marketplaces.[47,128–145] Articles in the ﬁnance domain are not equally distributed across categories because most discussions are centralized in pricing mechanisms . Unlike the computational pricing in the STOF technology domain that focuses on technical aspects like query- or machine learning-based pricing (see Section 3.2), the pricing mechanisms here emphasize more on mathematical or economic approaches in valuating or pricing data in data marketplaces.

... [another target-aligned mention] ...

Beyond empirical research, systematic literature reviews are also conducted to study data pricing opportunities and challenges in data marketplaces [ 138]. This approach is also employed to explore the different data pricing models in the data marketplace literature [47,139]. Other topics are auction-based pricing using the Bayesian mathematical model [140,141] , a pricing mechanism negotiation based on a negotiation game theory based in the energy domain [ 142], and a generic pricing mechanism based on a non-cooperative game the- ory in Mobile Crowdsensing [ 143].",Discussion,0.2,0.67,0.7200000000000001,0.188538,Discussion,mid,mid,grouped|Discussion|mid|mid,,,,,
S005,W3089176333->W2612128091,Towards Query Pricing on Incomplete Data,QIRANA,high_confidence,[16],"S. Deep and P. Koutris, “QIRANA: A framework for scalable query pricing,” in SIGMOD, pp. 699–713, 2017.","p3 2019-10-21 2019-11-01 t4u2? 2019-09-22 ?(c)Product(P) Pid Size Memory Price p14.7 64 $5988 p24.7 256 $7288 p35.5 64 $6888 p45.5 256 $8188 the literature [13], [14], [15], [16], [17], [18], [19]. However, these existing pricing approaches are notsuitable for pricing incomplete data, since they do not consider data complete- ness.

... [another target-aligned mention] ...

One can also compute other combined prices (e.g., the highest/average price) of lineage tuples for it. Moreover, the higher the tuple completeness, the higher the UCA price.The arbitrage-free property widely explored in relevant studies [13], [16], [19] is a typical and important property for price functions. This property is necessary for data pricing toavoid arbitrage .

... [another target-aligned mention] ...

Following existing studies [31], [7], [10], we simulate incomplete datasets via randomly discarding some values at a certain missing rate. In the experiments, following the related work [16], we use 40 queries over four datasets to conduct performance evaluation. All of the queries are described in Table 5, including 16 queries (w.r.t.

... [another target-aligned mention] ...

The seller sets the price of a speciﬁc set of base queries (also called view), and then, the algorithm has to derive the price of any other query that could be made to the database. This group consists of pricing generalized chain queries (i.e., a special type of join conjunctive query when the base queries are only selection queries) [14], [42] and pricing SQL queries [13], [16]. There are some efforts on revenue maximizing arbitrage-free pricing [19], [43], [44], the pricing problem for trading time series data and personal data [45], [46], [47], [48], pricing queries while protecting the seller’s privacy [49], [50] or in cloud environments [51].

... [another target-aligned mention] ...

Our proposed pricing scheme iDBPricer belongs to the category. Q IRANA [16], [54], standing the viewpoint of the data buyer, employs the possible world semantic to price relational queries. In addition, there is a series of studies on pricing machine learning tasks [17], [18], [55], pricing-related problems in both advertising markets and labor markets [56], etc.",Result,0.35,0.81,0.86,0.4428675000000001,Result,high,high,high_confidence|Result|high|high,,,,,
S006,W3195579788->W2790400697,Data pricing in machine learning pipelines,"A Survey on Big Data Market: Pricing, Trading and Protection",grouped,63,"Liang F, Yu W, An D, Yang Q, Fu X, Zhao W (2018) A survey on big data market: pricing, trading and protection. IEEE Access 6:15132–15154","Figure 1shows the connections of the four tasks. There are some previous surveys related to data pricing [ 35,63,120]. This article covers a substantially deeper and more focused scope than those.",Introduction,0.2,0.3,0.68,0.0215999999999999,Introduction,low,low,grouped|Introduction|low|low,,,,,
S007,W1994174199->W2950902070,Smart data pricing: To share or not to share?,"A Survey of Smart Data Pricing: Past Proposals, Current Plans, and Future Trends",high_confidence,[181],"S. Sen, C. Joe-Wong, S. Ha, and M. Chiang, “A survey of smart data pricing: Past proposals, current plans, and future trends,” ACM Computing Survey, vol. 46, no. 2, Nov. 2013.","In addition, Sen et al. [181] survey the major broad-band pricing proposals, including the realizations in various con- sumer data plans around the world. Murthy et al.",Introduction,0.0,0.38,0.82,0.02888,Introduction,low,low,high_confidence|Introduction|low|low,,,,,
S008,W3089176333->W2920282816,Towards Query Pricing on Incomplete Data,Pricing for Revenue Maximization in IoT Data Markets: An Information Design Perspective,high_confidence,[44],"W. Mao, Z. Zheng, and F. Wu, “Pricing for revenue maximization in iot data markets: An information design perspective,” in INFO- COM, pp. 1837–1845, 2019.","This group consists of pricing generalized chain queries (i.e., a special type of join conjunctive query when the base queries are only selection queries) [14], [42] and pricing SQL queries [13], [16]. There are some efforts on revenue maximizing arbitrage-free pricing [19], [43], [44], the pricing problem for trading time series data and personal data [45], [46], [47], [48], pricing queries while protecting the seller’s privacy [49], [50] or in cloud environments [51]. In contrast, another kind of pricing scheme considers the tuples of relations as the structural granularity of the pricing function [15], [26], [52], [53].",Methodology,-0.45,0.82,0.82,0.0067239999999999,Methodology,high,low,high_confidence|Methodology|high|low,,,,,
S009,W4226305897->W2018362551,Business Data Sharing through Data Marketplaces: A Systematic Literature Review,The challenges of personal data markets and privacy,range,123,"Spiekermann, S.; Acquisti, A.; Böhme, R.; Hui, K.-L. The challenges of personal data markets and privacy. Electron. Mark. 2015 , 25, 161–167. [CrossRef]","This category also discusses the implications of data trading for social, political, economic, and cultural contexts [ 5]. Finally, many articles discuss the topic of exploitation of individual data in personal data marketplaces [ 120–123]. Table 4.

... [another target-aligned mention] ...

[102–104] GovernanceExploring governing processes by certain actors (e.g., data marketplace operators) via several mechanisms, such as norms or power.[106–117] Social implications Discussing data marketplace impacts for society. [5,118–123] 3.4. The Finance Domain We identify three categories in the STOF ﬁnance domain (see Table 5).",Discussion,0.0,0.5900000000000001,0.67,0.121835,Discussion,mid,mid,range|Discussion|mid|mid,,,,,
S010,W2942073230->W2765365501,Big Data Market Optimization Pricing Model Based on Data Quality,Pricing of Data Products in Data Marketplaces,grouped,[1],"S. A. Fricker and Y. V . Maksimov, “Pricing of data products in data marketplaces, ” in Proceedings of the International Confer- ence of Software Business ,v o l .3 0 4 ,p p .4 9 – 6 6 ,2 0 1 7 . [ 2 ] Y .J i a o ,P .W a n g,D .N i y a t o ,M .A b uA l s h e i k h ,a n dS .F e n g,“ P r o fi t maximization auction and data management in big data mar- kets, ” in Proceedings of the 2017 IEEE Wireless Communications and Networking Conference, WCNC , pp. 1–6, San Francisco, CA, USA, 2017 . [ 3 ]A .M u s c h a l l e ,F .S t a h l ,A .L a s e r ,a n dG .V o s s e n ,“ P r i c i n g approaches for data markets,” in Proceedings of the Workshop Business Intelligence for the Real Time Enterprise , pp. 129–144, 2012.","The storage and calculation of big dataare no longer the sole purpose. By using data mining andmachine learning to analyze data, it provides an opportunityto bring about breakthroughs in processing video, images,a n ds p e e c h[ 1 ] .U n f o r t u n a t e l y ,o n l yas m a l la m o u n to fd a t ai scurrently being fully utilized and its use is limited as well. Thereuse of these data can create huge commercial value, whichis the true meaning of big data.

... [another target-aligned mention] ...

In other words, we can create anynumber of quality levels based on them. For simplicity, onlythree measures in 𝑄 𝑑are all scaled in interval [0,1] and will be demonstrated here in detail, i.e., accuracy ,completeness, and redundancy . Table 1 [31] contains the metrics, report names, and description definitions for each quality attribute and liststhe calculation formulas.",Other,0.2,0.5000000000000001,0.7200000000000001,0.03,Other,mid,low,grouped|Other|mid|low,,,,,
S011,W2921968831->W1841962286,Personal Data Trading Scheme for Data Brokers in IoT Data Marketplaces,A Priced Public Sensing Framework for Heterogeneous IoT Architectures,high_confidence,[23],"A. E. Al-Fagih, F. M. Al-Turjman, W. M. Alsalih, and H. S. Hassanein, “A priced public sensing framework for heterogeneous iot architectures,” IEEE Transactions on Emerging Topics in Computing, vol. 1, no. 1, pp. 133–147, June 2013.","Al-Fagih et al. proposed a data pricing scheme for public sensing framework considering delay, quality of services, and trust factors [23]. Competitive data markets also have been studied.",Methodology,0.35,0.82,0.82,0.4538699999999999,Methodology,high,high,high_confidence|Methodology|high|high,,,,,
S012,W3195579788->W2168402580,Data pricing in machine learning pipelines,Query-based data pricing,high_confidence,58,"Koutris P, Upadhyaya P, Balazinska M, Howe B, Suciu D (2012) Query-based data pricing. In: Benedikt M, Krötzsch M, Lenzerini M (eds) Proceedings of the 31st ACM SIGMOD-SIGACT-SIGART sympo-sium on principles of database systems, PODS 2012, Scottsdale, AZ, USA, May 20–24, 2012. ACM,pp 167–178. https://doi.org/10.1145/2213556.2213582","Pricesshould be computed in polynomial time with respect to the number of participants [ 1]o rt h e number of data products [ 17]. In some application scenarios, however, it takes exponential time to compute the pricing functions with desirable properties, such as Shapley fairness [ 37], arbitrage-freeness [ 58], and revenue maximization [ 17]. For example, Koutris et al.

... [another target-aligned mention] ...

For example, Koutris et al. [ 58]s h o w that computing arbitrage-free prices of join queries on a relational database is in generalNP-hard. How to efﬁciently determine prices with desirable properties presents technicalchallenges.

... [another target-aligned mention] ...

The ﬁrst formal framework for arbitrage-free query-based data pricing was introduced by Koutris et al. [ 58]. The major idea is that a data seller can ﬁrst specify the prices of a few views Vover a database, and then the price of a query bundle Qis decided algorithmically.

... [another target-aligned mention] ...

Subsequently, Koutris et al. [ 59] develop a prototype pricing system, QueryMarket, based on the idea [ 58]. They formulate the pricing model as an integer linear program (ILP) with the objective to minimize the total cost of purchased views V p.

... [another target-aligned mention] ...

Cong et al. [58] do. By adapting the theoretical results in [ 58], the authors show that the view-based pricing model for linear aggregation queries is NP-hard.

... [another target-aligned mention] ...

[58] do. By adapting the theoretical results in [ 58], the authors show that the view-based pricing model for linear aggregation queries is NP-hard. Lin and Kifer [ 65] study arbitrage-free pricing for general data queries.

... [another target-aligned mention] ...

The authors point out that the model by Koutris et al. [ 58] has pricing- based arbitrage, that is, the computed prices may leak information about D. Theoretically, they propose an instance-independent pricing function and a delayed pricing function thatare arbitrage-free across all forms.

... [another target-aligned mention] ...

Cong et al. Table 1 The representative data pricing models of raw data sets Product Objectives References General data No speciﬁc optimization goals [ 43] (1) Revenue maximization [ 117] Sensing data (1) Truthfulness; (2) Individual rationality; (3) Proﬁtability[115] (1) Truthfulness; (2) Social welfare maximization[52] (1) Truthfulness (2) Buyer’s cost minimization [ 60] Chain queries, conjunctive queries, and cyclic queries(1) Arbitrage-freeness; (2) Discount-freeness [ 58] Conjunctive queries (1) Arbitrage-freeness; (2) Discount-freeness; (3) History-awareness; (4) Fairness[59] General data queries (1) Arbitrage-freeness [ 28], [65] (1) Arbitrage-freeness; (2) History-awareness [ 29] (1) Arbitrage-freeness; (2) Revenue maximization[16] Selection-projection-natural join queries over incomplete databases(1) Arbitrage-freeness; (2) History-awareness [ 75] Selection queries (1) History-awareness [ 111] Counting queries on binary data (1) Privacy compensation; (2) Truthfulness; (3) Buyer’s cost minimization[38] Linear aggregation queries (1) Privacy compensation; (2) Query accuracy maximization under budget constraint[21] (1) Privacy compensation; (2) Personalized maximum tolerable privacy loss; (3) Queryaccuracy maximization under budgetconstraint[83] (1) Privacy compensation; (2) Truthfulness; (3) Personalized maximum tolerable privacy loss; (4) Query accuracy maximization under budget constraint[121] (1) Privacy compensation; (2) Arbitrage-freeness [ 62] (1) Privacy compensation; (2) Arbitrage-freeness; (3) Dependency fairness[84] Geo-location data (1) Privacy compensation; (2) Data accuracy maximization under budget constraint[53] tables can be used as a starting point in helping data pricing practitioners to choose the right pricing models for their settings. Tables 1,2,3,a n d 4have three columns.

... [another target-aligned mention] ...

A data buyerwith a limited budget may not want to purchase many similar data points, as the diversity oftraining data sets is critical to the performance of machine learning models [ 34]. Query-based pricing models [ 58] allow data buyers to only purchase their interested parts of a data set. However, the existing query-based pricing models are only designed for relational data setsin monopoly markets.",Result,0.35,0.89,0.86,0.5346675000000001,Result,high,high,high_confidence|Result|high|high,,,,,
S013,W2509511072->W1994174199,Understanding rollover data,Smart data pricing: To share or not to share?,high_confidence,[6],"Y . Jin and Z. Pang, “Smart data pricing: To share or not to share?,” Proc. IEEE Infocom Workshops on Smart Data Pricing , 2014.","This heterogeneous data usage brings challenges todesigning mobile data plans, as the available monthly dataquotas may not ﬁt different users’ needs. Shared data plans [3]–[6] can help to even out the het- erogeneity in user demands by allowing multiple users anddevices to share one monthly quota of data usage. Taking thisone step further, users can even be allowed to trade leftoverdata with one another in a secondary data market [7]–[9].Thus, heavy users can reduce the likelihood of exceeding theirquotas by sharing or trading data caps with light users.",Other,0.35,0.45,0.82,0.0273375,Other,mid,low,high_confidence|Other|mid|low,,,,,
S014,W4226305897->W2743929098,Business Data Sharing through Data Marketplaces: A Systematic Literature Review,Data pricing strategy based on data quality,high_confidence,63,"Yu, H.; Zhang, M. Data pricing strategy based on data quality. Comput. Ind. Eng. 2017 ,112, 1–10. [CrossRef]","[ 62] create efﬁcient query-based auctions by considering both the value data and the resource consumption of queries. Many other articles also propose data quality-based pricing models by considering a bi-level mathematical programming model [ 63], Fair Knapsack Pricing [ 64,65], or optimal distributing algorithm [ 66]. Other works on data quality-based pricing speciﬁcally focus on XML dataset properties [ 67,68].",Methodology,0.35,0.82,0.82,0.4538699999999999,Methodology,high,high,high_confidence|Methodology|high|high,,,,,
S015,W3084177365->W2790400697,A Survey on Data Pricing: From Economics to Data Science,"A Survey on Big Data Market: Pricing, Trading and Protection",high_confidence,[136],"F. Liang, W. Yu, D. An, Q. Yang, X. Fu, and W. Zhao, “A survey on big data market: Pricing, trading and protection,” IEEE Access, vol. PP , pp. 1–1, 02 2018.","For example, Liang et al. [136] survey the life cycle of big data, and reviews 11 data pricing models. They also discuss data trading and protection.

... [another target-aligned mention] ...

Very recently, Zhang and Beltr ´an [220] review the state-of-the-art data pricing methods. They categorize data pricing methods according to two important data properties, granularity and privacy, This article covers a substantially broader scope than those [75], [136], [220]. We connect economics, digital product pricing and data product pricing.",Methodology,0.35,0.87,0.86,0.5109075000000001,Methodology,high,high,high_confidence|Methodology|high|high,,,,,
S016,W2942073230->W2289113545,Big Data Market Optimization Pricing Model Based on Data Quality,Smart data pricing models for the internet of things: a bundling strategy approach,high_confidence,[17],"Y. Bakos and E. Brynjolfsson, “ Aggregation and disaggregation of information goods: Implications for bundling, site licensing,and micropayment systems, ” Lectures in E-Commerce ,p p .1 0 3 – 122, 2001. [ 1 8 ] D .N i y a t o ,D .T .H o a n g ,N .C .L u o n g ,P .W a n g ,D .I .K i m ,a n d Z. Han, “Smart data pricing models for the internet of things:a bundling strategy approach, ” IEEE Network,v o l .3 0 ,n o .2 ,p p . 18–25.","They believe that the two pricingmechanisms of information products, i.e., fixed costand pay-per-payment mechanisms, may affect theprofit of the seller. (2) Bundling pricing: this strategy originates from capital data market, and it represents an aggregation tech-nique [17]. In the capital data market, data vendors Complexity 3 bundle multiple types of products in accordance with certain strategies and allocate different prices forthem to be selected by heterogeneous consumers.Niyato et al.",Methodology,0.0,0.82,0.82,0.3361999999999999,Methodology,high,high,high_confidence|Methodology|high|high,,,,,
S017,W3084177365->W2126626399,A Survey on Data Pricing: From Economics to Data Science,The Price Is Right,high_confidence,[192],"R. Tang, H. Wu, Z. Bao, S. Bressan, and P . Valduriez, “The price is right,” in Database and Expert Systems Applications, H. Decker, L. Lhotsk ´a, S. Link, J. Basl, and A. M. Tjoa, Eds. Berlin, Heidelberg: Springer Berlin Heidelberg, 2013, pp. 380–394.",Tang et al. [192] follow the view and query based pricing framework and consider each tuple as the the minimum granularity of data. Their model assigns to each tuple a Authorized licensed use limited to: Carleton University.,Methodology,0.35,0.82,0.82,0.4538699999999999,Methodology,high,high,high_confidence|Methodology|high|high,,,,,
S018,W2509511072->W2010653253,Understanding rollover data,A survey of smart data pricing,high_confidence,[1],"S. Sen, C. Joe-Wong, S. Ha, and M. Chiang, “A survey of smart data pricing: Past proposals, current plans, and future trends,” ACM Computing Surveys (CSUR) , vol. 46, no. 2, p. 15, 2013.","I. I NTRODUCTION Most Internet service providers (ISPs) today charge their users a ﬂat fee for a limited amount of mobile data that can be used each month, with steep overage fees for exceeding thismonthly quota [1]. Moreover, in most cases, leftover data atthe end of each month cannot be rolled over into subsequentmonths.",Other,0.35,0.45,0.82,0.0273375,Other,mid,low,high_confidence|Other|mid|low,,,,,
S019,W4226305897->W2916829860,Business Data Sharing through Data Marketplaces: A Systematic Literature Review,ARETE: On Designing Joint Online Pricing and Reward Sharing Mechanisms for Mobile Data Markets,grouped,55,"Zheng, Z.; Peng, Y.; Wu, F.; Tang, S.; Chen, G. ARETE: On Designing Joint Online Pricing and Reward Sharing Mechanisms for Mobile Data Markets. IEEE Trans. Mob. Comput. 2020 ,19, 769–787. [CrossRef]","Another algorithm allows data price to be derived from the privacy losses [ 54]. Studies in query-based pricing mechanisms consider many cases such as query interfaces for mobile crowd-sensed data [ 55,56], cloud-based data mar- ketplaces with possibilities to share cloud resources [ 57], spatial data [ 58], aggregated data from multiple distributed system [ 59], and data acquired from Application Programming Interfaces (APIs) [ 60]. Moreover, Tang et al.",Methodology,0.2,0.74,0.68,0.3285599999999999,Methodology,high,high,grouped|Methodology|high|high,,,,,
S020,W4323644227->W2612128091,A Survey of Data Pricing for Data Marketplaces,QIRANA,high_confidence,[55],"——, “Qirana: A framework for scalable query pricing,” in Pro- ceedings of the 2017 ACM International Conference on Management of Data, ser. SIGMOD’17. New York, NY, USA: Association for Computing Machinery, 2017, pp. 699–713.","Many theoretical methods are not scalable in practice. Qirana [55], [56] is a system for query-based pricing, which allows data sellers to choose from a set of pricing functions that are information arbitrage-free, which covers both post-processing arbitrage- freeness and serendipitous arbitrage-freeness in Lin and Kifer’s taxonomy [138]. Qirana also supports history-aware pricing.

... [another target-aligned mention] ...

If a buyer gets two coupons c1andc2in two different purchases such that c1[(tid;uid;v )] =c2[(tid;uid;v )], then the buyer can ask the seller for a refund by showing the two coupons. As pointed out by Deep and Koutris [55], the refund mechanism does not provide any arbitrage-free guarantee. Qirana [55], [56] can support history-aware pricing.

... [another target-aligned mention] ...

As pointed out by Deep and Koutris [55], the refund mechanism does not provide any arbitrage-free guarantee. Qirana [55], [56] can support history-aware pricing. To incorporate a query history, suppose a buyer already purchases queries Q=Q1;:::;Qkand pays for a to- tal ofp(Q;D )so far.",Methodology,0.35,0.87,0.86,0.5109075000000001,Methodology,high,high,high_confidence|Methodology|high|high,,,,,
S021,W3084177365->W2734426755,A Survey on Data Pricing: From Economics to Data Science,An Online Pricing Mechanism for Mobile Crowdsensing Data Markets,high_confidence,[223],"Z. Zheng, Y. Peng, F. Wu, S. Tang, and G. Chen, “An online pricing mechanism for mobile crowdsensing data markets,” in Proceedings of the 18th ACM International Symposium on Mobile Ad Hoc Networking and Computing , ser. Mobihoc’17. New York, NY, USA: Association for Computing Machinery, 2017.","Zheng et al. [223] consider online pricing for mobile crowd-sensing data markets. Different from most of the work on data markets, they assume that data providers are distributed in space and there are three types of spa- tial queries from buyers, namely single-data query (e.g., inquiring the value at a speciﬁc location), multi-data query (e.g., inquiring the mean in a region) and range query (e.g., inquiring the probability that the data at a region falls in a given range).",Methodology,0.0,0.82,0.82,0.3361999999999999,Methodology,high,high,high_confidence|Methodology|high|high,,,,,
S022,W2942073230->W2934375453,Big Data Market Optimization Pricing Model Based on Data Quality,Personal Data Market Optimization Pricing Model Based on Privacy Level,high_confidence,[23],"J. Yang and C. Xing, “Personal data market optimization pricing model based on privacy level,” Info rmation ,v o l .1 0 ,n o .4 ,p .1 2 3 , 2019.","Yang etal. [23] studied the pricing model of personal privacy data.They proposed a framework to compensate for privacy loss.This method can compensate for privacy loss based on user’spreferences and allow users to control their data throughfinancial means. Through extensive review of the literature, we can con- clude that existing data pricing literature either investigatespublished data pricing methods or studies new approachesthat focus on relevance and privacy.",Methodology,0.35,0.8999999999999999,0.82,0.54675,Methodology,high,high,high_confidence|Methodology|high|high,,,,,
S023,W2906578628->W2473283431,The Internet of Things: A Review of Enabled Technologies and Future Challenges,Data Collection and Wireless Communication in Internet of Things (IoT) Using Economic Analysis and Pricing Models: A Survey,high_confidence,[3],"N. C. Luong, D. T. Hoang, P. Wang, D. Niyato, D. I. Kim, and Z. Han, “Data collection and wireless communication in internet of things (iot) using economic analysis and pricing models: A survey,” IEEE Commu- nications Surveys & Tutorials, vol. 18, no. 4, pp. 2546–2590, 2016.","INTRODUCTION THE Internet technology has been experiencing consid- erable modiﬁcations since its early times and has turned out to be an imperative transmission framework aiming at everywhere and every time connectivity [1]. The Internet of Things (IoT) is a new concept permitting billions of tiny machines, for example, sensors, to be connected to the Internet [2], [3]. With the Internet growth, IoT has carried out an impressive effect to several ﬁelds and there have been numerous IoT applications employed for enhancing the network operation and users’ quality of experience.

... [another target-aligned mention] ...

With the improvement of IoT, several technologies have been introduced [24], which are the main focus of this paper and are discussed in the following sections in detail. Several good surveys have been published on IoT enabled technologies, such as IoT-based smart cities [25], heterogeneous IoT [5], fog computing for IoT [19], data mining for IoT [26], WSN-based data centric IoT [3], IoT- based cellular communications [1], context awareness-based IoT [27], virtual object-based IoT [28], and IoT-based real- time analytics [29]. This survey provides a detailed expla- nation of the mentioned papers in terms of their contribu- tions and future directions for further research.

... [another target-aligned mention] ...

Section V draws a sketch of data mining for IoT [26] classiﬁed into four technologies, i.e., clustering, classiﬁcation, frequent patterns, and association rules. Section VI reports the WSN- based data centric IoT [3] with regard to different data aggregation mechanisms. Section VII summarizes the IoT- based cellular communications [1] considering the long term evolution (LTE).

... [another target-aligned mention] ...

A smart city contains a num- ber of classiﬁcations of end-users, for example, inhabitants, administration, business associates, and so on. Though, a number of surveys are available on smart cities, such as [3], [31]–[40] discussing different overviews and architectures of smart cities, this portion elaborates the most recent survey [25] on smart cities. The survey in [25] consists of four main phases, which are discussed in the following subsections.

... [another target-aligned mention] ...

Citation information: DOI 10.1109/ACCESS.2018.2886601, IEEE Access Ikram Ud Din et al.: IEEE Access TABLE 1. Analysis of presented surveys Survey Reference Scope Smart Cities: IoT Enabling Technolo- gies[25] Data trafﬁc, virtual power plant, emergency sys- tem, health system Heterogeneous IoT [5] Sensing layer, networking layer, cloud computing layer, application layer Fog Computing for IoT [19] Cloud layer, fog layer, device layer Data mining for IoT [26] Clustering, Classiﬁcation, Frequent patterns, Asso- ciation rules WSN-based data centric IoT [3] Data aggregation mechanisms IoT-based cellular communications [1] Long Term Evolution (LTE) Context Awareness-based IoT [27] Applications and middleware solutions Virtual object-based IoT [28] Historical evolution and current features Real-Time analytics based IoT [29] Wireless, wired, and hybrid data centers TABLE 2. Acronyms and their deﬁnitions Acronym Deﬁnition Acronym Deﬁnition BCCH Broadcast Control Channel OT Operation Theater BS Base Station PRACH Physical Random Access Channel CATM UE MTC Category for User Equipment PSNR Peak-Signal-to-Noise-Ratio CCTV Closed-Circuit Television PUCCH Physical Uplink Control Channel CLA Context Lifecycle Approach PUSCH Uplink Shared Channel C-RAN Cloud-Radio Access Network QoS Quality-of-Service CXaaS Context-as-a-Service RAN Radio Access Network DMRS Demodulation Reference Signal RFID Radio-Frequency Identiﬁcation DoS Denial of Service RLC Radio Link Control ELA Enterprise Lifecycle Approach RSU Road Side Unit F-RAN Fog-Radio Access Network SDN Software Deﬁned Network GPS Global Positioning System SRS Sounding Reference Signal H2H Human-to-Human SSE Sum of Squared Errors IOS Internet Operating System SVM Support Vector Machine IoT Internet of Things UII Unique Item Identiﬁcation KDD Knowledge Discovery in Databases V ANET Vehicular Ad hoc Network LAN Local Area Network VNI Visual Networking Index LSVM Linear Support Vector Machine VPP Virtual Power Plant LTE Long Term Evolution WSN Wireless Sensor Network MTC Machine Type Communication 3GPP 3rd Generation Partnership Project M2M Machine-to-Machine 4G Fourth Generation NB Narrowband 5G Fifth Generation analyzed and distributed for a safer drive.

... [another target-aligned mention] ...

Various IoT paradigms have been proposed in the litera- ture [164]–[167], which provide sufﬁcient knowledge about the stated characteristics. The WSN-based data centric IoT survey [3] focuses on the following four issues: i) Data exchange, ii) Resource and task allocation, iii) Coverage and target tracking, and iv) Denial of service (DoS) attack prevention pertaining to economic models. These modules are discussed in the following subsections in detail.

... [another target-aligned mention] ...

(c) Data collection in a sealed-bid reverse auction. (d) Data collection, where the service provider splits the budget and the targeted work into various small budgets and periods [3]. A.

... [another target-aligned mention] ...

XI. LESSONS LEARNED This section is based on the following IoT-related papers: i) smart cities [25] that consist of trafﬁc management, virtual power plants, emergency and health systems; ii) heteroge- neous IoT [5] that elaborates the functions of application, cloud, networking, and sensing layers; iii) fog computing [19], which elucidates the functionalities of cloud, fog, and device layers; iv) data mining [26], which is classiﬁed into four parts, i.e., clustering, classiﬁcation, frequent patterns, and association rules; v) data centric WSN [3] with respect to four aggregated schemes, i.e., data exchange, task and/or re- source allocation, sensing coverage with target identiﬁcation, and prevention of DoS attacks; vi) cellular communications [1] with regard to LTE; vii) content-awareness [27], which delineates a range of middleware applications along with their solutions; viii) virtual objects [28] in terms of archi- tectures and their roles; and ix) real-time analytics [29] with respect to network requirements and methodologies. These lessons are presented in the following subsections in detail.

... [another target-aligned mention] ...

E. WSN-BASED DATA CENTRIC IOT Different from the traditional WSN, the IoT-based WSN [3] needs to be smarter [163], because it does not only execute ordinary tasks but also perform important functions with little human involvement. Dealing with billions of IoT devices, numerous challenges in terms of economical deployment and appropriate processing can be faced.

... [another target-aligned mention] ...

Data mining for IoT [26] Presents an overview of the features of data mining for IoT in line with future challenges and open issues.Ignores to present the IoT overview from various angles, such as semantics, devices, and Internet. WSN-based data centric IoT [3] Studies various functions of the economic and pricing prototypes, called intelligent log- ical decision-making techniques, to design procedures and systems for wireless sensor networks.Lakes to provide a partition of network trafﬁc into logical phases that affect the functionali- ties of WSNs. IoT-based cellular communications [1] Delivers a detailed explanation of the MTC development through various LTE releases and the newly designed MTC categories.Discusses only the physical layer features and neglects other important aspects, such as end- to-end network slicing and scalability issues for mobile IoT.

... [another target-aligned mention] ...

Real-Time analytics based IoT [29] Deﬁnes the essentials of the real-time IoT analytics and procedures, and clariﬁes limi- tations of the system policies for their valida- tion.Does not discuss protocols and applications that would assist the research community to choose appropriate technologies. with respect to WSN, WiFi, and cellular communications, iii) fog computing [19] with regard to users’ privacy and trust- worthiness, iv) data mining [26] in line with decentralized and heterogeneous techniques, v) data centric WSN [3] con- cerning mobility patterns and payment security, vi) cellular communications [1] with reference to obtaining frequency and operating cell IDs, vii) context-awareness [27] pertaining to device recognition and connection, viii) virtual objects [28] regarding their lifecycle and garbage collection, and ix) real-time analytics [29] in connection with scalability, fault tolerance, and massive data transmission. These challenges are addressed in the following subsections separately.

... [another target-aligned mention] ...

Pricing models for determining communica- tions and data gathering glitches in delivery networksLuonget al. [3] have provided economic models to determine communications and data aggregation issues in the IoT environment. Long Term Evolution (LTE-A)-based delivery networksElsaadany et al.

... [another target-aligned mention] ...

Hence, the server should keep track of the pattern of mobility of each in- dividual cellphone user [308]. In addition, payment security and bids’ conﬁdentiality [309] are two other prominent open research issues [3]. F.",Methodology,0.35,0.95,0.86,0.6091875,Methodology,high,high,high_confidence|Methodology|high|high,,,,,
S024,W4323644227->W2168402580,A Survey of Data Pricing for Data Marketplaces,Query-based data pricing,high_confidence,[121],"P . Koutris, P . Upadhyaya, M. Balazinska, B. Howe, and D. Su- ciu, “Query-based data pricing,” in Proceedings of the 31st ACM SIGMOD-SIGACT-SIGAI Symposium on Principles of Database Sys- tems, ser. PODS’12. New York, NY, USA: Association for Computing Machinery, 2012, pp. 167–178.","Each level is modeled as a maximization problem and thus the whole model is a bi-level programming problem, which is NP-hard. Another way to form multiple versions of data products is to charge by queries [121]–[124]. Intuitively, a data seller may treat a view of a data set as a version.

... [another target-aligned mention] ...

Koutris et al. [121], [124] propose a framework of query and view based data pricing. The major idea is that a seller only needs to specify the prices on a few views, and then the prices of other views can be decided algorithmically.

... [another target-aligned mention] ...

[151] point out that a pricing model charging users a certain amount of API calls for a ﬁxed rate may potentially allow arbitrage, depending on the package size. Arbitrage-freeness is one of the fundamental properties of pricing models in query and view based pricing [121]– [124]. Li and Miklau [134] and Li et al.",Methodology,0.35,0.87,0.86,0.5109075000000001,Methodology,high,high,high_confidence|Methodology|high|high,,,,,
S025,W4323644227->W2765365501,A Survey of Data Pricing for Data Marketplaces,Pricing of Data Products in Data Marketplaces,high_confidence,[75],"S. A. Fricker and Y. V . Maksimov, “Pricing of data products in data marketplaces,” in Software Business, A. Ojala, H. Holm-str¨om Olsson, and K. Werder, Eds. Cham: Springer International Publishing, 2017, pp. 49–66.","They also discuss data trading and protection. Fricker and Maksimov [75] report a literature survey over 18 research articles regarding several research questions, including maturity of the pric- ing models. Very recently, Zhang and Beltr ´an [220] review the state-of-the-art data pricing methods.

... [another target-aligned mention] ...

Very recently, Zhang and Beltr ´an [220] review the state-of-the-art data pricing methods. They categorize data pricing methods according to two important data properties, granularity and privacy, This article covers a substantially broader scope than those [75], [136], [220]. We connect economics, digital product pricing and data product pricing.",Methodology,0.35,0.87,0.86,0.5109075000000001,Methodology,high,high,high_confidence|Methodology|high|high,,,,,
S026,W4323644227->W2734426755,A Survey of Data Pricing for Data Marketplaces,An Online Pricing Mechanism for Mobile Crowdsensing Data Markets,high_confidence,[223],"Z. Zheng, Y. Peng, F. Wu, S. Tang, and G. Chen, “An online pricing mechanism for mobile crowdsensing data markets,” in Proceedings of the 18th ACM International Symposium on Mobile Ad Hoc Networking and Computing , ser. Mobihoc’17. New York, NY, USA: Association for Computing Machinery, 2017.","Zheng et al. [223] consider online pricing for mobile crowd-sensing data markets. Different from most of the work on data markets, they assume that data providers are distributed in space and there are three types of spa- tial queries from buyers, namely single-data query (e.g., inquiring the value at a speciﬁc location), multi-data query (e.g., inquiring the mean in a region) and range query (e.g., inquiring the probability that the data at a region falls in a given range).",Methodology,0.0,0.82,0.82,0.3361999999999999,Methodology,high,high,high_confidence|Methodology|high|high,,,,,
S027,W4319769514->W2293940046,"Data-Driven Learning for Data Rights, Data Pricing, and Privacy Computing",Query-Based Data Pricing,high_confidence,[25],"Koutris P, Upadhyaya P, Balazinska M, Howe B, Suciu D. Query-based data pricing. J ACM 2015;62(5):1–44 .","Koutris et al. [25] transformed the query-based pricing problem into a network ﬂow problem and automatically derived the price of any query from the price of a given set of views. After that, they adopted a dif- ferent perspective, which transformed the query-based pricing problem into optimized integer linear programming, priced the structured query language (SQL) query based on the price point speciﬁed by the seller, and used the query history to avoid the repeated charging of overlapping information [26].",Methodology,0.35,0.8999999999999999,0.82,0.54675,Methodology,high,high,high_confidence|Methodology|high|high,,,,,
S028,W4210813858->W2293940046,Data Boundary and Data Pricing Based on the Shapley Value,Query-Based Data Pricing,high_confidence,[26],"P. Koutris, P. Upadhyaya, M. Balazinska, B. Howe, and D. Suciu, ``Query- based data pricing,'' J. ACM, vol. 62, no. 5, pp. 144, Nov. 2015.","Then data buyers submit queries to the platform, and the platform generates the objective function and corresponding constraints, forming an ILP problem to get the prices. Researchers improved their studies and proposed a framework that allows the price of any query to be derived automatically [26]. QIRANA pricing sys- tem [27] allows exible pricing by allowing the data owners to choose from a variety of pricing functions, specify relation and attribute-level parameters to control the prices of queries.",Methodology,0.35,0.82,0.82,0.4538699999999999,Methodology,high,high,high_confidence|Methodology|high|high,,,,,
S029,W2942073230->W2293940046,Big Data Market Optimization Pricing Model Based on Data Quality,Query-Based Data Pricing,high_confidence,[21],"P . Koutris, P . Upadhyaya, M. Balazinska, B. Howe, and D. Suciu, “Query-based data pricing, ” in Proceedings of the Symposium on Principles of Database Systems ,v o l .6 2 ,p p .1 6 7 – 1 7 8 ,2 0 1 2 . [ 2 2 ]Y .S h e n ,B .G u o ,Y .S h e n ,X .D u a n ,X .D o n g ,a n dH .Z h a n g , “ A pricing model for Big Personal Data, ” Tsinghua Science and Technology ,v o l .2 1 ,n o .5 ,p p .4 8 2 – 4 9 0 ,2 0 1 6 .","Th e r ea r ea l s os o m es c h o l a r sw h oh a v es t u d i e dt h e pricing model of data products from different perspectives.Koutris et al. [21] studied query-based pricing, and theydesigned a pricing algorithm that satisfies no-arbitrage andno-discount allowing the price of any query to be exportedautomatically. Shen et al.",Methodology,0.35,0.82,0.82,0.4538699999999999,Methodology,high,high,high_confidence|Methodology|high|high,,,,,
S030,W3089176333->W2293940046,Towards Query Pricing on Incomplete Data,Query-Based Data Pricing,high_confidence,[14],"P. Koutris, P. Upadhyaya, M. Balazinska, B. Howe, and D. Suciu, “Query-based data pricing,” Journal of the ACM, vol. 62, no. 5, p. 43, 2015.","p3 2019-10-21 2019-11-01 t4u2? 2019-09-22 ?(c)Product(P) Pid Size Memory Price p14.7 64 $5988 p24.7 256 $7288 p35.5 64 $6888 p45.5 256 $8188 the literature [13], [14], [15], [16], [17], [18], [19]. However, these existing pricing approaches are notsuitable for pricing incomplete data, since they do not consider data complete- ness.

... [another target-aligned mention] ...

An arbitrage-free price function means that, the data buyer cannot purchase a query by buying a group of other queries at a lower price, and the price of a given query is unique and same. In particular, the arbitrage-free property is deﬁned based on a notion of query determinacy [14]. Informally, a set of data views/queries V determines some query Q, if one can compute answers of Qonly from answers of views without having access to the underlying dataset.

... [another target-aligned mention] ...

The seller sets the price of a speciﬁc set of base queries (also called view), and then, the algorithm has to derive the price of any other query that could be made to the database. This group consists of pricing generalized chain queries (i.e., a special type of join conjunctive query when the base queries are only selection queries) [14], [42] and pricing SQL queries [13], [16]. There are some efforts on revenue maximizing arbitrage-free pricing [19], [43], [44], the pricing problem for trading time series data and personal data [45], [46], [47], [48], pricing queries while protecting the seller’s privacy [49], [50] or in cloud environments [51].",Methodology,-0.45,0.95,0.86,0.009025,Methodology,high,low,high_confidence|Methodology|high|low,,,,,
S031,W2790400697->W2293940046,"A Survey on Big Data Market: Pricing, Trading and Protection",Query-Based Data Pricing,high_confidence,[76],"P. Koutris, P. Upadhyaya, M. Balazinska, B. Howe, and D. Suciu, “Query-based data pricing,” Journal of the ACM (JACM), vol. 62, no. 5, p. 43, 2015.","Market Structures Pricing Models Algorithms/Schemes Goals Approaches [16] Monopoly Economic-Based Pricing Information EntropyReduce uncertainty by reducing the information entropy to avoid the interference from uncertain data contentDeﬁne ﬁve tuples parameters for data and reduce the uncertainty information entropy [75] Strong competition Economic-Based Pricing Gaussian ProcessCapture the uncertain contents of source dataCreate a trading market, and simulate the trading process. Then, use statistics approach and Gaussian process to analyze the data trading and maximum proﬁt process [76] Monopoly Economic-Based Pricing Max-Flow problemImprove the transparency of data pricePropose a Generalized Chain Queries and obtain the price by computing the time complexity of GChQ query [77] Strong competitionGame Theory-Based PricingStackelberg Game-Based PricingUse pricing incentives method to improve the Quality of Service (QoS) and encourage upload data for the sensorsSet a bundle with data and service; use Stackelberg game to encourage the service and negotiate the data price with consumers [52] Monopoly Economic-Based PricingAlternate optimal multi-step pricing schemeCompute the most closest pricing in case of fallaciesPropose a general framework to compute the proﬁt for a licensed datasets pricing and consider with Willingness to Pay (WTP) of consumer side, and then obtain the maximizing proﬁt [78] Monopoly Economic-Based Pricing Economic-Based schemesCreate the differential digital productCalculate the differentiation of digital product and create the “differential delay”, then, pricing the digital product depends on the differentiations [79] MonopolyGame Theory-Based PricingStackelberg Game-Based PricingUse concave increasing function and Stackelberg game to maximize the proﬁt of datasetsCreate a digital market model with sensors, datasets, and consumers and use Stackelberg game model to obtain the maximum proﬁt [80] Strong competitionEconomic-Based Pricing and Auction-Based PricingEconomic-based schemes and Bargaining gameCalculate the cost and build economic modelBuild the economic model to analyze and calculate the cost of a certain datasets, and then, use Bargaining game to conﬁrm price of the datasets [81] Oligopoly Economic-Based PricingStatistics and Machine learning (Time-Dependent Pricing based on K-Nearest Neighbors (TDP-KNN) algorithm pricing algorithm and Time-Dependent Pricing based on Transition Rules (TDP-TR) pricing algorithm)Collect the usage of a certain datasetUse machine learning TDP-KNN algorithm) to collect and analyze the usage of some datasets and calculate the future usage expectation, and then, price the data [82] Monopoly Economic-Based Pricing Genetic algorithmDesign an assessment methods for exist data product and obtain its multi-dimensionality and dimensionsCreate a data-pricing tow level programming model depends on the quality and the proﬁt, and using genetic algorithm solves the model [83] Strong competition Economic-Based Pricing Snowballing AlgorithmDesign the market rule and the pricing modelsDesign a market model to create the selling database, and analyze the database 2169-3536 (c) 2018 IEEE. Translations and content mining are permitted for academic research only.",Methodology,0.35,0.8999999999999999,0.82,0.54675,Methodology,high,high,high_confidence|Methodology|high|high,,,,,
S032,W3195579788->W2765365501,Data pricing in machine learning pipelines,Pricing of Data Products in Data Marketplaces,grouped,35,"Fricker SA, Maksimov YV (2017) Pricing of data products in data marketplaces. In: Ojala A, Holmström Olsson H, Werder K (eds) Software business. Springer, Cham, pp 49–66","Figure 1shows the connections of the four tasks. There are some previous surveys related to data pricing [ 35,63,120]. This article covers a substantially deeper and more focused scope than those.

... [another target-aligned mention] ...

2.3 Four types of data markets Similar to physical goods, the prices of data products are also inﬂuenced by the dominanceand diversity of supplies and demands in the market. Fricker and Maksimov [ 35] identify four types of data markets. First, in a monopoly ,a supplier holds enough market power to set prices to maximize proﬁts.",Introduction,0.2,0.35,0.7200000000000001,0.0293999999999999,Introduction,low,low,grouped|Introduction|low|low,,,,,
S033,W2921968831->W2533772775,Personal Data Trading Scheme for Data Brokers in IoT Data Marketplaces,A pricing model for Big Personal Data,high_confidence,[30],"Y . Shen, B. Guo, Y . Shen, X. Duan, X. Dong, and H. Zhang, “A pricing model for Big Personal Data,” Tsinghua Science and Technology, vol. 21, no. 5, pp. 482–490, 2016.","Shen et al. also proposed a linear function based the per- sonal data pricing scheme by considering information entropy, credit of data providers, and data reference index [30]. Xu et al.proposed a dynamic personal data pricing scheme using the multi-armed bandit approach under privacy-preserved personal data environments [31].",Other,0.35,0.53,0.82,0.0379215,Other,mid,low,high_confidence|Other|mid|low,,,,,
S034,W2473283431->W2180742472,Data Collection and Wireless Communication in Internet of Things (IoT) Using Economic Analysis and Pricing Models: A Survey,Smart data pricing,high_confidence,[30],"D. Niyato, X. Lu, P. Wang, D. I. Kim, and Z. Han, “Economics of internet of things (iot): An information market approach,” arXiv preprint arXiv:1510.06837, 2015.[31] D. Niyato, D. T. Hoang, N. C. Luong, P. Wang, D. I. Kim, and Z. Han, “Smart data pricing models for internet-of-things (iot): A bundling strategy approach,” vol. 30, no. 2, pp. 18–25, 2016.","Location-based services are also primary services of the IoT with an expected revenue of $34.8 billion in 2020 (http://iotbusinessnews.com). Among these resources, the sensing data and information are the most important ones in IoT since they can maximize the utility and proﬁt of owners and providers [30]. To describe how IoT changes business models, an IoT business model (see Fig.

... [another target-aligned mention] ...

The information can be treated as items traded in the market, and the main problem is how to set prices for the sensing infor- mation so that the service providers’ proﬁts are maximized. Consider a competitive market involving IoT service providers, the authors in [30] formulated the competition in setting the price as a non-cooperative game. The players are the service providers, i.e., sellers, and the strategy of each player is to set the price of the sensing information to maximize his own payoff, i.e., proﬁt.

... [another target-aligned mention] ...

The seller ﬁnds optimal rate and charge for the buyers through the utility functionMaximized throughput, load balance, and minimized costOptimization solution 6) Collusion and Price of Anarchy: In a competitive mar- ket, service providers set selling prices to maximize their own proﬁts given the strategies of other providers. A Nash equilibrium can be an appropriate solution as proposed in [30]. However, due to selﬁsh behaviors of the service providers, they can collude with each other to optimize their proﬁts collectively, and thus the Nash equilibrium become inefﬁcient [274].",Methodology,0.35,0.87,0.86,0.5109075000000001,Methodology,high,high,high_confidence|Methodology|high|high,,,,,
S035,W2921968831->W2790400697,Personal Data Trading Scheme for Data Brokers in IoT Data Marketplaces,"A Survey on Big Data Market: Pricing, Trading and Protection",high_confidence,[19],"F. Liang, W. Yu, D. An, Q. Yang, X. Fu, and W. Zhao, “A Survey on Big Data Market: Pricing, Trading and Protection,” IEEE Access , vol. 6, pp. 15 132–15 154, 2018.","II. R ELATED WORK Data market and data trading issues have recently motivated studies to maximize revenues and proﬁts of data brokers (or data service providers) while satisfying data consumers (i.e., data buyers) [19]–[26]. Speciﬁcally, various data market structures for data trading like monopoly market, oligopoly market, and strong competition market were introduced in [19].

... [another target-aligned mention] ...

R ELATED WORK Data market and data trading issues have recently motivated studies to maximize revenues and proﬁts of data brokers (or data service providers) while satisfying data consumers (i.e., data buyers) [19]–[26]. Speciﬁcally, various data market structures for data trading like monopoly market, oligopoly market, and strong competition market were introduced in [19]. Niyato et al.",Other,0.0,0.5,0.86,0.025,Other,mid,low,high_confidence|Other|mid|low,,,,,
S036,W2790400697->W2743929098,"A Survey on Big Data Market: Pricing, Trading and Protection",Data pricing strategy based on data quality,high_confidence,[82],"H. Yu and M. Zhang, “Data pricing strategy based on data quality,” Computers & Industrial Engineering, vol. 112, pp. 1–10, 2017.","Market Structures Pricing Models Algorithms/Schemes Goals Approaches [16] Monopoly Economic-Based Pricing Information EntropyReduce uncertainty by reducing the information entropy to avoid the interference from uncertain data contentDeﬁne ﬁve tuples parameters for data and reduce the uncertainty information entropy [75] Strong competition Economic-Based Pricing Gaussian ProcessCapture the uncertain contents of source dataCreate a trading market, and simulate the trading process. Then, use statistics approach and Gaussian process to analyze the data trading and maximum proﬁt process [76] Monopoly Economic-Based Pricing Max-Flow problemImprove the transparency of data pricePropose a Generalized Chain Queries and obtain the price by computing the time complexity of GChQ query [77] Strong competitionGame Theory-Based PricingStackelberg Game-Based PricingUse pricing incentives method to improve the Quality of Service (QoS) and encourage upload data for the sensorsSet a bundle with data and service; use Stackelberg game to encourage the service and negotiate the data price with consumers [52] Monopoly Economic-Based PricingAlternate optimal multi-step pricing schemeCompute the most closest pricing in case of fallaciesPropose a general framework to compute the proﬁt for a licensed datasets pricing and consider with Willingness to Pay (WTP) of consumer side, and then obtain the maximizing proﬁt [78] Monopoly Economic-Based Pricing Economic-Based schemesCreate the differential digital productCalculate the differentiation of digital product and create the “differential delay”, then, pricing the digital product depends on the differentiations [79] MonopolyGame Theory-Based PricingStackelberg Game-Based PricingUse concave increasing function and Stackelberg game to maximize the proﬁt of datasetsCreate a digital market model with sensors, datasets, and consumers and use Stackelberg game model to obtain the maximum proﬁt [80] Strong competitionEconomic-Based Pricing and Auction-Based PricingEconomic-based schemes and Bargaining gameCalculate the cost and build economic modelBuild the economic model to analyze and calculate the cost of a certain datasets, and then, use Bargaining game to conﬁrm price of the datasets [81] Oligopoly Economic-Based PricingStatistics and Machine learning (Time-Dependent Pricing based on K-Nearest Neighbors (TDP-KNN) algorithm pricing algorithm and Time-Dependent Pricing based on Transition Rules (TDP-TR) pricing algorithm)Collect the usage of a certain datasetUse machine learning TDP-KNN algorithm) to collect and analyze the usage of some datasets and calculate the future usage expectation, and then, price the data [82] Monopoly Economic-Based Pricing Genetic algorithmDesign an assessment methods for exist data product and obtain its multi-dimensionality and dimensionsCreate a data-pricing tow level programming model depends on the quality and the proﬁt, and using genetic algorithm solves the model [83] Strong competition Economic-Based Pricing Snowballing AlgorithmDesign the market rule and the pricing modelsDesign a market model to create the selling database, and analyze the database 2169-3536 (c) 2018 IEEE. Translations and content mining are permitted for academic research only.",Methodology,0.35,0.8999999999999999,0.82,0.54675,Methodology,high,high,high_confidence|Methodology|high|high,,,,,
S037,W3202603574->W2974598553,"COVID-19 acceleration in digitalisation, aggregate productivity growth and the functional income distribution",Too Much Data: Prices and Inefficiencies in Data Markets,high_confidence,10,"3386/ w23285 Acemoglu D, Makhdoumi A, Malekian A, Ozdaglar A (2019) Too much data: prices and inefficiencies in data markets. NBER Working Paper No. 26296. https:// doi. org/","ICT manufacturing industries (operational) [B′ = 1 to 4] 261 [1] Manufacture of electronic components and boards 262 [2] Manufacture of computers and peripheral equipment 263 [3] Manufacture of communication equipment 264 [4] Manufacture of consumer electronics 582, 61, 62, 631, 951 C. ICT services industries (operational) [C = 8 + 9] 61 [8] T elecommunications 582, 62, 631, 951 [9] Computer and related activities [9 = 10 + 11 + 12 + 13] c) MC sector 581, 59, 60, 639 E. MC sector [E = F + G + H] 581 F.",Other,0.0,0.45,0.82,0.02025,Other,mid,low,high_confidence|Other|mid|low,,,,,
S038,W4220901737->W2310916783,Data Market Design: A Systematic Literature Review,Marketplaces for Digital Data: Quo Vadis?,high_confidence,[14],"F. Stahl, F. Schomm, L. Vomfell, and G. Vossen, ``Marketplaces for digital data: Quo vadis?'' Eur. Res. Center Inf. Syst., Münster, Germany, ERCIS Work. Paper 24, 2015.","Finally, there exist some surveys such as the series of reports by Stahl et al. [14], and the work of Spiekermann [15]. These surveys look at real-world data markets in Europe, the U.S., and Israel to identify industry trends and reinforce the classi cation frameworks from the works above.

... [another target-aligned mention] ...

8) TIME FRAME The time frame dimension comes from the earlier classi ca- tion efforts of Schomm et al., and Stahl et al. [14], [24], [25]. This dimension concerns the currentness of the data, which can be either static, meaning it is factual data that is valu- able for an extended period (e.g., an image set that can be used for training a recurrent neural network) or dynamic, meaning it will quickly lose value over time (e.g., real-time traf c data).

... [another target-aligned mention] ...

and Stahl et al. [14], [24], [25]. They identi ed four potential values for this dimension: 1) API (application programming interface) pro- vides programmatic access to a data product via the internet, 2) download, meaning a data set is transferred from the data provider to the data consumer, 3) specialised software means that the data market uses a custom software solution to facilitate data transfer and 4) web interface means the data is presented to the data consumer on a website.

... [another target-aligned mention] ...

Based on these trial searches, we ended up with a relatively simple search string: ``data market'' OR ``data markets'' OR ``data marketplace'' OR ``data marketplaces.'' Selecting the right scholarly search engines is an impor- tant step in structured literature reviews [41], [53]. In this review, only academic search engines were because several works focusing on grey literature and data markets in industry already exist [14], [15], [21]. Since the goal of this structured literature review is to consider as many domains our possible, our selection of search engines should cover as a wide a scope as possible.

... [another target-aligned mention] ...

Afterwards, whenever possible, a comparison is made with the results from the previous surveys on data markets in industry by Stahl et al. (2015) [14], and Spiekermann (2019) [15]. One important thing to note is that the values in the dimensions are often not mutually exclusive; for example, a literature review can consider alltypes of matching models and, consequently, the sum of the percentages of each value in a dimension can exceed 100%.",Result,0.35,0.89,0.86,0.5346675000000001,Result,high,high,high_confidence|Result|high|high,,,,,
S039,W4226305897->W2533772775,Business Data Sharing through Data Marketplaces: A Systematic Literature Review,A pricing model for Big Personal Data,grouped,133,"Yuncheng, S.; Bing, G.; Yan, S.; Xuliang, D.; Xiangqian, D.; Hong, Z. A pricing model for Big Personal Data. Tsinghua Sci. Technol. 2016 ,21, 482–490. [CrossRef]","[124] Market analysis Examining the market size and value of data marketplaces. [125–127] Pricing mechanismsDiscussing mathematical or economic approaches in evaluating, valuating, or pricing datasets (or data services) in data marketplaces.[47,128–145] Articles in the ﬁnance domain are not equally distributed across categories because most discussions are centralized in pricing mechanisms . Unlike the computational pricing in the STOF technology domain that focuses on technical aspects like query- or machine learning-based pricing (see Section 3.2), the pricing mechanisms here emphasize more on mathematical or economic approaches in valuating or pricing data in data marketplaces.

... [another target-aligned mention] ...

[ 131] propose pricing functions for aggregated personal data; Parra-Arnau [ 132] mathematically examine the tradeoff between privacy and money in personal data market; Yuncheng et al. [ 133] identify the properties that contribute to price personal data, such as data cost, value weight, information entropy, credit rating, and data reference index; Li et al. [ 134,135], discuss an economic theory of pricing personal data.",Discussion,0.2,0.5900000000000001,0.7200000000000001,0.146202,Discussion,mid,mid,grouped|Discussion|mid|mid,,,,,
S040,W4210813858->W2910976764,Data Boundary and Data Pricing Based on the Shapley Value,Nonrivalry and the Economics of Data,high_confidence,[7],"C. I. Jones and C. Tonetti, ``Nonrivalry and the economics of data,'' Amer. Econ. Rev., vol. 110, no. 9, pp. 28192858, 2020.","A widely accepted approach for applications is to set prices to datasets directly based on their values. From an economic perspective, data value has been explored to study the impact on companies and industries [5][7]. From a computer science perspective, data value focuses on data compensation [8], [9] and data fusion [10], [11].",Other,0.35,0.53,0.82,0.0379215,Other,mid,low,high_confidence|Other|mid|low,,,,,
S041,W3195579788->W2612128091,Data pricing in machine learning pipelines,QIRANA,high_confidence,29,"Deep S, Koutris P (2017b) QIRANA: a framework for scalable query pricing. In: Salihoglu S, Zhou W, Chirkova R, Yang J, Suciu D (eds) Proceedings of the 2017 ACM international conference on 123 Data pricing in machine learning pipelines 1449 management of data, SIGMOD conference 2017, Chicago, IL, USA, May 14–19, 2017. ACM, pp 699–","In a sell-side marketplace, the arbiter is operatedby a monopoly data seller to sell the single seller’s data products. In literature, sell-sidemarketplaces are considered by pricing models of both general data sets [ 43] and speciﬁc types of data products, such as XML documents [ 108] and data queries on a relational database [ 29]. A buy-side marketplace [ 120] ,a ss h o w ni nF i g .

... [another target-aligned mention] ...

Several examples of arbitrage-free pricing functionsare presented, including the weighted coverage function and the Shannon entropy function. Deep and Koutris [ 29] later implement the theoretical framework [ 28] into a real time pricing system, QIRANA, which computes the price of a query bundle Qfrom the view of uncertainty reduction. They assume that a buyer is facing a set of all possible databaseinstances Swith the same schema as the true database instance D.

... [another target-aligned mention] ...

QueryMarket [ 59] tracks the purchased views of a customer and avoids charging those views when pricing future queries of the customer. Both[29]a n d[ 75] support history-aware pricing in the same vein as [ 59]. One drawback of these history-based approaches is that the seller must provide reliable storage to keep users’ queryhistory [ 111].

... [another target-aligned mention] ...

By tracking coupon status, the data seller guarantees that each coupon will be usedonly once. However, the pricing function has no arbitrage-free guarantee [ 29]. 3.4 Privacy compensation Machine learning models in many areas, like recommendation systems [ 21] and personalized medical treatments [ 72], require a large amount of personal data.

... [another target-aligned mention] ...

Such ﬂexibility makes it easier to version raw data products, and enablesmore ﬂexible pricing mechanisms. For example, according to how much information isrevealed, different prices can be assigned to different queries on the same database [ 29]. 123 1442 Z.

... [another target-aligned mention] ...

Cong et al. Table 1 The representative data pricing models of raw data sets Product Objectives References General data No speciﬁc optimization goals [ 43] (1) Revenue maximization [ 117] Sensing data (1) Truthfulness; (2) Individual rationality; (3) Proﬁtability[115] (1) Truthfulness; (2) Social welfare maximization[52] (1) Truthfulness (2) Buyer’s cost minimization [ 60] Chain queries, conjunctive queries, and cyclic queries(1) Arbitrage-freeness; (2) Discount-freeness [ 58] Conjunctive queries (1) Arbitrage-freeness; (2) Discount-freeness; (3) History-awareness; (4) Fairness[59] General data queries (1) Arbitrage-freeness [ 28], [65] (1) Arbitrage-freeness; (2) History-awareness [ 29] (1) Arbitrage-freeness; (2) Revenue maximization[16] Selection-projection-natural join queries over incomplete databases(1) Arbitrage-freeness; (2) History-awareness [ 75] Selection queries (1) History-awareness [ 111] Counting queries on binary data (1) Privacy compensation; (2) Truthfulness; (3) Buyer’s cost minimization[38] Linear aggregation queries (1) Privacy compensation; (2) Query accuracy maximization under budget constraint[21] (1) Privacy compensation; (2) Personalized maximum tolerable privacy loss; (3) Queryaccuracy maximization under budgetconstraint[83] (1) Privacy compensation; (2) Truthfulness; (3) Personalized maximum tolerable privacy loss; (4) Query accuracy maximization under budget constraint[121] (1) Privacy compensation; (2) Arbitrage-freeness [ 62] (1) Privacy compensation; (2) Arbitrage-freeness; (3) Dependency fairness[84] Geo-location data (1) Privacy compensation; (2) Data accuracy maximization under budget constraint[53] tables can be used as a starting point in helping data pricing practitioners to choose the right pricing models for their settings. Tables 1,2,3,a n d 4have three columns.",Methodology,0.35,0.87,0.86,0.5109075000000001,Methodology,high,high,high_confidence|Methodology|high|high,,,,,
S042,W2790400697->W2168402580,"A Survey on Big Data Market: Pricing, Trading and Protection",Query-based data pricing,high_confidence,[76],"P. Koutris, P. Upadhyaya, M. Balazinska, B. Howe, and D. Suciu, “Query-based data pricing,” Journal of the ACM (JACM), vol. 62, no. 5, p. 43, 2015.","Market Structures Pricing Models Algorithms/Schemes Goals Approaches [16] Monopoly Economic-Based Pricing Information EntropyReduce uncertainty by reducing the information entropy to avoid the interference from uncertain data contentDeﬁne ﬁve tuples parameters for data and reduce the uncertainty information entropy [75] Strong competition Economic-Based Pricing Gaussian ProcessCapture the uncertain contents of source dataCreate a trading market, and simulate the trading process. Then, use statistics approach and Gaussian process to analyze the data trading and maximum proﬁt process [76] Monopoly Economic-Based Pricing Max-Flow problemImprove the transparency of data pricePropose a Generalized Chain Queries and obtain the price by computing the time complexity of GChQ query [77] Strong competitionGame Theory-Based PricingStackelberg Game-Based PricingUse pricing incentives method to improve the Quality of Service (QoS) and encourage upload data for the sensorsSet a bundle with data and service; use Stackelberg game to encourage the service and negotiate the data price with consumers [52] Monopoly Economic-Based PricingAlternate optimal multi-step pricing schemeCompute the most closest pricing in case of fallaciesPropose a general framework to compute the proﬁt for a licensed datasets pricing and consider with Willingness to Pay (WTP) of consumer side, and then obtain the maximizing proﬁt [78] Monopoly Economic-Based Pricing Economic-Based schemesCreate the differential digital productCalculate the differentiation of digital product and create the “differential delay”, then, pricing the digital product depends on the differentiations [79] MonopolyGame Theory-Based PricingStackelberg Game-Based PricingUse concave increasing function and Stackelberg game to maximize the proﬁt of datasetsCreate a digital market model with sensors, datasets, and consumers and use Stackelberg game model to obtain the maximum proﬁt [80] Strong competitionEconomic-Based Pricing and Auction-Based PricingEconomic-based schemes and Bargaining gameCalculate the cost and build economic modelBuild the economic model to analyze and calculate the cost of a certain datasets, and then, use Bargaining game to conﬁrm price of the datasets [81] Oligopoly Economic-Based PricingStatistics and Machine learning (Time-Dependent Pricing based on K-Nearest Neighbors (TDP-KNN) algorithm pricing algorithm and Time-Dependent Pricing based on Transition Rules (TDP-TR) pricing algorithm)Collect the usage of a certain datasetUse machine learning TDP-KNN algorithm) to collect and analyze the usage of some datasets and calculate the future usage expectation, and then, price the data [82] Monopoly Economic-Based Pricing Genetic algorithmDesign an assessment methods for exist data product and obtain its multi-dimensionality and dimensionsCreate a data-pricing tow level programming model depends on the quality and the proﬁt, and using genetic algorithm solves the model [83] Strong competition Economic-Based Pricing Snowballing AlgorithmDesign the market rule and the pricing modelsDesign a market model to create the selling database, and analyze the database 2169-3536 (c) 2018 IEEE. Translations and content mining are permitted for academic research only.",Methodology,0.35,0.8999999999999999,0.82,0.54675,Methodology,high,high,high_confidence|Methodology|high|high,,,,,
S043,W4226305897->W2734426755,Business Data Sharing through Data Marketplaces: A Systematic Literature Review,An Online Pricing Mechanism for Mobile Crowdsensing Data Markets,grouped,56,"Zheng, Z.; Peng, Y.; Wu, F.; Tang, S.; Chen, G. An online pricing mechanism for mobile crowdsensing data markets. In Proceedings of the 18th ACM International Symposium on Mobile Ad Hoc Networking and Computing, Chennai, India, 10–14 July 2017; pp. 1–10.","Another algorithm allows data price to be derived from the privacy losses [ 54]. Studies in query-based pricing mechanisms consider many cases such as query interfaces for mobile crowd-sensed data [ 55,56], cloud-based data mar- ketplaces with possibilities to share cloud resources [ 57], spatial data [ 58], aggregated data from multiple distributed system [ 59], and data acquired from Application Programming Interfaces (APIs) [ 60]. Moreover, Tang et al.",Methodology,0.2,0.74,0.68,0.3285599999999999,Methodology,high,high,grouped|Methodology|high|high,,,,,
S044,W2921968831->W2759182208,Personal Data Trading Scheme for Data Brokers in IoT Data Marketplaces,Pricing privacy – the right to know the value of your personal data,high_confidence,[18],"G. Malgieri and B. Custers, “Pricing privacy – the right to know the value of your personal data,” Computer Law & Security Review, vol. 34, no. 2, pp. 289 – 303, 2018.","The pro- posed WTB is also designed based on literature [17] to reﬂect real-world behaviors. This paper also proposes a personal data quality model for the collection of heterogeneous types of personal data by considering correlations of multiple personal data types as well as quantity of personal dataset based on literature [18] related to personal data pricing factors. The correlation of multiple personal data types is important to measure quality of personal dataset because when personal data is combined with other personal data, per- sonal data providers can potentially be identiﬁed through additional processing.

... [another target-aligned mention] ...

Content may change prior to final publication. Citation information: DOI 10.1109/ACCESS.2019.2904248, IEEE Access SUBMITTED TO IEEE ACCESS 3 and valuations of privacy (i.e., personal data pricing or pri- vacy pricing models) have also been studied [18], [28]–[33]. Malgieri and Custers investigated that the monetary value of personal data can be quantiﬁed with various personal data pricing factors [18].

... [another target-aligned mention] ...

Citation information: DOI 10.1109/ACCESS.2019.2904248, IEEE Access SUBMITTED TO IEEE ACCESS 3 and valuations of privacy (i.e., personal data pricing or pri- vacy pricing models) have also been studied [18], [28]–[33]. Malgieri and Custers investigated that the monetary value of personal data can be quantiﬁed with various personal data pricing factors [18]. Gkatzelis et al.

... [another target-aligned mention] ...

Quantifying the value and quality of personal data is an important factor to decide price of personal data. We choose several metrics to deﬁne the personal data quality function Q based on [18]. By analyzing various privacy regulations and researches, this work investigated privacy pricing factors as follows: sizeof dataset, completeness of dataset, a number of data types and their combinations, the level of identiﬁability of personal data.

... [another target-aligned mention] ...

There are many possible ways to increase the possibility for market participation of personal data providers; and in this paper, we have focused on a possible approach with personal data providers’ incentives. Since personal data now become a new ﬁnancial asset for individuals [10], this approach also has investigated in previous works [18], [28], [33]. However, it was still ambiguous about the feasibility of the IoT data market with personal data providers’ incentives; in other words, how 2169-3536 (c) 2018 IEEE.",Methodology,0.35,0.95,0.86,0.6091875,Methodology,high,high,high_confidence|Methodology|high|high,,,,,
S045,W4210813858->W2612128091,Data Boundary and Data Pricing Based on the Shapley Value,QIRANA,high_confidence,[27],"S. Deep and P. Koutris, ``QIRANA: A framework for scalable query pricing,'' in Proc. ACM Int. Conf. Manage. Data , May 2017, pp. 699713.","Researchers improved their studies and proposed a framework that allows the price of any query to be derived automatically [26]. QIRANA pricing sys- tem [27] allows exible pricing by allowing the data owners to choose from a variety of pricing functions, specify relation and attribute-level parameters to control the prices of queries. However, most queries considered by these marketplaces are too simplistic to support sophisticated data analytics and decision making.",Methodology,0.35,0.82,0.82,0.4538699999999999,Methodology,high,high,high_confidence|Methodology|high|high,,,,,
S046,W3084177365->W4243417153,A Survey on Data Pricing: From Economics to Data Science,Selling Cookies,high_confidence,[33],"D. Bergemann and A. Bonatti, “Selling cookies,” American Eco- nomic Journal: Microeconomics, vol. 7, no. 3, pp. 259–94, August 2015.","For example, the information about how customers are connected in social networks can be used to design customized discounts in marketing campaigns [215]. Bergemann and Bonatti [33] develop a model of pricing customer-level information such that the data about each customer are sold individually and individual queries to the database are priced linearly. As new technologies of customer tracking become available, more pricing models may emerge.",Methodology,0.35,0.82,0.82,0.4538699999999999,Methodology,high,high,high_confidence|Methodology|high|high,,,,,
S047,W3089176333->W2126626399,Towards Query Pricing on Incomplete Data,The Price Is Right,high_confidence,[26],"R. Tang, H. Wu, B. Zhifeng, K. Thomas, and B. Stephane, “The price is right, The price of relational and probabilistic relational data,” tech. rep., TRB5/12, 2012.","5.1 Deriving the Lineage Sets We utilize two strategies, i.e., Active and Lazy, to seek lineage sets. They are the most appropriate methods for ﬁnding lineage tuples [26]. In particular, the main idea of Active is to track the procedure of performing the query Q, and record lineage sets simultaneously.

... [another target-aligned mention] ...

In addition, Baseline is able to get the price accurately, while it cannot be done by AD&C. The approximate ratio AD&C is equal to n, i.e., the number of result tuples stored in Q(D)[26]. The approximate ratio is the ratio of the approximate price (derived by AD&C) to the exact price.

... [another target-aligned mention] ...

Furthermore, UCP is deﬁned as the multiplication of UP and the dataset complete rate (i.e., one minus the missing rate), which is more reasonable as it considers the data completeness. We generalize existing methods [26] to implement Active andLazy strategies, as they are the latest strategies to derive the query lineage set. Authorized licensed use limited to: University of Liverpool.

... [another target-aligned mention] ...

There are some efforts on revenue maximizing arbitrage-free pricing [19], [43], [44], the pricing problem for trading time series data and personal data [45], [46], [47], [48], pricing queries while protecting the seller’s privacy [49], [50] or in cloud environments [51]. In contrast, another kind of pricing scheme considers the tuples of relations as the structural granularity of the pricing function [15], [26], [52], [53]. It is usually based on the data lineage, i.e., the set of the tuples contributing to the result tuples of a query.",Result,0.35,0.89,0.86,0.5346675000000001,Result,high,high,high_confidence|Result|high|high,,,,,
S048,W4226305897->W2293940046,Business Data Sharing through Data Marketplaces: A Systematic Literature Review,Query-Based Data Pricing,high_confidence,51,"Koutris, P .; Upadhyaya, P .; Balazinska, M.; Howe, B.; Suciu, D. Query-Based Data Pricing. J. ACM 2015 ,62, 1–44. [CrossRef]","This algorithm is applied in blockchain-based data marketplaces [50]. Next, publications in this category primarily propose query-based pricing mechanisms, referring to the capability to allow “the price of any query to be derived automatically” ([51], p. 43).",Methodology,0.35,0.82,0.82,0.4538699999999999,Methodology,high,high,high_confidence|Methodology|high|high,,,,,
S049,W3084177365->W2765365501,A Survey on Data Pricing: From Economics to Data Science,Pricing of Data Products in Data Marketplaces,high_confidence,[75],"S. A. Fricker and Y. V . Maksimov, “Pricing of data products in data marketplaces,” in Software Business, A. Ojala, H. Holm-str¨om Olsson, and K. Werder, Eds. Cham: Springer International Publishing, 2017, pp. 49–66.","They also discuss data trading and protection. Fricker and Maksimov [75] report a literature survey over 18 research articles regarding several research questions, including maturity of the pric- ing models. Very recently, Zhang and Beltr ´an [220] review the state-of-the-art data pricing methods.

... [another target-aligned mention] ...

Very recently, Zhang and Beltr ´an [220] review the state-of-the-art data pricing methods. They categorize data pricing methods according to two important data properties, granularity and privacy, This article covers a substantially broader scope than those [75], [136], [220]. We connect economics, digital product pricing and data product pricing.",Methodology,0.35,0.87,0.86,0.5109075000000001,Methodology,high,high,high_confidence|Methodology|high|high,,,,,
S050,W3084177365->W2743929098,A Survey on Data Pricing: From Economics to Data Science,Data pricing strategy based on data quality,high_confidence,[219],"H. Yu and M. Zhang, “Data pricing strategy based on data quality,” Computers & Industrial Engineering, vol. 112, pp. 1 – 10, 2017.","Another difﬁculty is that many data sets do not have public prices associated. Yu and Zhang [219] consider pricing multiple versions formed by multiple factors of data quality and build a two-level model. The ﬁrst level is the data platform where a single owner is assumed, who designs the number of versions.",Methodology,0.35,0.82,0.82,0.4538699999999999,Methodology,high,high,high_confidence|Methodology|high|high,,,,,
