source_id,citing_paper_title,total_edges_from_source,failed_edges,ambiguous_edges,main_failure_reason,failure_ratio
W4323644227,A Survey of Data Pricing for Data Marketplaces,9,8,0,title_fuzzy_match_failed,0.8888888888888888
W2920282816,Pricing for Revenue Maximization in IoT Data Markets: An Information Design Perspective,4,4,0,reference_section_not_found,1.0
W4281293246,Business model archetypes for data marketplaces in the automotive industry,4,4,0,missing_pdf_or_text,1.0
W4312395603,Shaping future low-carbon energy and transportation systems: Digital technologies and applications,4,4,0,missing_pdf_or_text,1.0
W4360991875,The Economics of Digital Privacy,3,3,0,missing_pdf_or_text,1.0
W2180742472,Smart data pricing,3,2,1,title_fuzzy_match_failed,1.0
W2011238498,Accounting for Incomplete Pass-Through,2,2,0,missing_pdf_or_text,1.0
W2919782326,Making Big Money from Small Sensors: Trading Time-Series Data under Pufferfish Privacy,2,2,0,reference_section_not_found,1.0
W2950902070,"A Survey of Smart Data Pricing: Past Proposals, Current Plans, and Future Trends",2,2,0,missing_pdf_or_text,1.0
W3008256197,The Effect of Privacy Regulation on the Data Industry: Empirical Evidence from GDPR,2,2,0,missing_pdf_or_text,1.0
W3117086259,"Fintech: what’s old, what’s new?",2,2,0,missing_pdf_or_text,1.0
W3121615946,Data Pricing for Blockchain-based Car Sharing: A Stackelberg Game Approach,2,2,0,reference_section_not_found,1.0
W3127298136,A Model of the Data Economy,2,2,0,missing_pdf_or_text,1.0
W3202764263,Regression markets and application to energy forecasting,2,2,0,missing_pdf_or_text,1.0
W4310251148,Data monetization: insights from a technology-enabled literature review and research agenda,2,2,0,missing_pdf_or_text,1.0
W4322604225,Data and Markets,2,2,0,missing_pdf_or_text,1.0
W4382600626,"We, the Data",2,2,0,missing_pdf_or_text,1.0
W4388068877,Multi-Blockchain Based Data Trading Markets With Novel Pricing Mechanisms,2,2,0,missing_pdf_or_text,1.0
W4390728454,Pricing Game and Blockchain for Electricity Data Trading in Low-Carbon Smart Energy Systems,2,2,0,missing_pdf_or_text,1.0
W2473283431,Data Collection and Wireless Communication in Internet of Things (IoT) Using Economic Analysis and Pricing Models: A Survey,3,2,0,title_fuzzy_match_failed,0.6666666666666666
W3089176333,Towards Query Pricing on Incomplete Data,6,2,0,title_fuzzy_match_failed,0.3333333333333333
W3084177365,A Survey on Data Pricing: From Economics to Data Science,12,2,0,title_fuzzy_match_failed,0.16666666666666666
W3210061505,Personal big data pricing method based on differential privacy,9,1,8,citation_marker_not_found,1.0
W2123954539,Microeconomic Evidence on Price-Setting,4,1,3,missing_pdf_or_text,1.0
W4289544372,The value of data in digital-based business models: Measurement and economic policy implications,3,1,2,missing_pdf_or_text,1.0
W2954543879,Iris: Deep Reinforcement Learning Driven Shared Spectrum Access Architecture for Indoor Neutral-Host Small Cells,2,1,1,citation_marker_not_found,1.0
W4220901737,Data Market Design: A Systematic Literature Review,3,1,1,title_fuzzy_match_failed,0.6666666666666666
W1516789636,Debt Sustainability and Procyclical Fiscal Policies in Latin America,1,1,0,missing_pdf_or_text,1.0
W1777686370,The Pricing Behaviour of Firms in the Euro Area: New Survey Evidence,1,1,0,missing_pdf_or_text,1.0
W1994174199,Smart data pricing: To share or not to share?,1,1,0,unknown,1.0
W2010653253,A survey of smart data pricing,1,1,0,author_year_format_not_supported,1.0
W2067195421,When Users Interfere with Protocols: Prospect Theory in Wireless Networks using Random Access and Data Pricing as an Example,1,1,0,reference_section_not_found,1.0
W2097281067,TUBE,1,1,0,missing_pdf_or_text,1.0
W2126626399,The Price Is Right,1,1,0,missing_pdf_or_text,1.0
W2190764372,Prospect Pricing in Cognitive Radio Networks,1,1,0,missing_pdf_or_text,1.0
W2289113545,Smart data pricing models for the internet of things: a bundling strategy approach,1,1,0,missing_pdf_or_text,1.0
W2293940046,Query-Based Data Pricing,1,1,0,author_year_format_not_supported,1.0
W2310916783,Marketplaces for Digital Data: Quo Vadis?,1,1,0,missing_pdf_or_text,1.0
W2514159439,Big Data Driven Mobile Traffic Understanding and Forecasting: A Time Series Approach,1,1,0,title_fuzzy_match_failed,1.0
W2612128091,QIRANA,1,1,0,missing_pdf_or_text,1.0
W2743929098,Data pricing strategy based on data quality,1,1,0,missing_pdf_or_text,1.0
W2758203152,Incentivizing self-capping to increase cloud utilization,1,1,0,missing_pdf_or_text,1.0
W2956647116,Smart Contract Based Data Trading Mode Using Blockchain and Machine Learning,1,1,0,title_fuzzy_match_failed,1.0
W2974598553,Too Much Data: Prices and Inefficiencies in Data Markets,1,1,0,missing_pdf_or_text,1.0
W3096125752,Data Sharing and Market Power with Two-Sided Platforms,1,1,0,missing_pdf_or_text,1.0
W3121561769,The Economic Consequences of Data Privacy Regulation: Empirical Evidence from GDPR,1,1,0,missing_pdf_or_text,1.0
W3123243120,Nonrivalry and the Economics of Data,1,1,0,missing_pdf_or_text,1.0
W3186955607,Pricing through health apps generated data—Digital dividend as a game changer: Discrete choice experiment,1,1,0,poor_pdf_text_extraction,1.0
W3206864493,Embedding European values in data governance: a case for public data commons,1,1,0,missing_pdf_or_text,1.0
W3209462287,Regulatory Spillovers and Data Governance: Evidence from the GDPR,1,1,0,missing_pdf_or_text,1.0
W3215634159,Coalition Game and Blockchain-Based Optimal Data Pricing Scheme for Ride Sharing Beyond 5G,1,1,0,missing_pdf_or_text,1.0
W4220799794,Blockchain as IoT Economy Enabler: A Review of Architectural Aspects,1,1,0,missing_pdf_or_text,1.0
W4226382147,"Smartphone App Usage Analysis: Datasets, Methods, and Applications",1,1,0,title_fuzzy_match_failed,1.0
W4288391541,"Blockchain and AI-Empowered Healthcare Insurance Fraud Detection: an Analysis, Architecture, and Future Prospects",1,1,0,title_fuzzy_match_failed,1.0
W4293428560,Adoption of Federated Learning for Healthcare Informatics: Emerging Applications and Future Directions,1,1,0,missing_pdf_or_text,1.0
W4377287661,A Reference System Architecture with Data Sovereignty for Human-Centric Data Ecosystems,1,1,0,missing_pdf_or_text,1.0
W4385311348,Evolving deep gated recurrent unit using improved marine predator algorithm for profit prediction based on financial accounting information system,1,1,0,missing_pdf_or_text,1.0
W4386021011,What is the value of data? A review of empirical methods,1,1,0,missing_pdf_or_text,1.0
W2942073230,Big Data Market Optimization Pricing Model Based on Data Quality,6,1,0,title_fuzzy_match_failed,0.16666666666666666
W4210813858,Data Boundary and Data Pricing Based on the Shapley Value,8,1,0,title_fuzzy_match_failed,0.125
W3195579788,Data pricing in machine learning pipelines,9,1,0,title_fuzzy_match_failed,0.1111111111111111
W4226305897,Business Data Sharing through Data Marketplaces: A Systematic Literature Review,12,1,0,title_fuzzy_match_failed,0.08333333333333333
W2327152018,AMUSE: Empowering Users for Cost-Aware Offloading with Throughput-Delay Tradeoffs,1,0,0,,0.0
W2508874533,Smart Media Pricing (SMP): Non-uniform packet pricing game for wireless multimedia communications,1,0,0,,0.0
W2509511072,Understanding rollover data,2,0,0,,0.0
W2533772775,A pricing model for Big Personal Data,1,0,0,,0.0
W2581979418,When Social Network Effect Meets Congestion Effect in Wireless Networks: Data Usage Equilibrium and Optimal Pricing,1,0,0,,0.0
W2734445852,A First Look at Information Entropy-Based Data Pricing,1,0,0,,0.0
W2790400697,"A Survey on Big Data Market: Pricing, Trading and Protection",8,0,0,,0.0
W2906578628,The Internet of Things: A Review of Enabled Technologies and Future Challenges,1,0,0,,0.0
W2921968831,Personal Data Trading Scheme for Data Brokers in IoT Data Marketplaces,4,0,0,,0.0
W2934375453,Personal Data Market Optimization Pricing Model Based on Privacy Level,2,0,0,,0.0
W2982407593,Trading Private Range Counting over Big IoT Data,1,0,0,,0.0
W2993467838,Evaluation of big data frameworks for analysis of smart grids,1,0,0,,0.0
W2994622980,Smart Contract-Based Data Commodity Transactions for Industrial Internet of Things,2,0,0,,0.0
W2996741051,Dynamic Pricing for Revenue Maximization in Mobile Social Data Market With Network Effects,3,0,0,,0.0
W3002742063,Monetization of Services Provided by Public Fog Nodes Using Blockchain and Smart Contracts,1,0,0,,0.0
W3021125948,Contract Design in Hierarchical Game for Sponsored Content Service Market,2,0,0,,0.0
W3021370403,TIDES: A Trust-Aware IoT Data Economic System With Blockchain-Enabled Multi-Access Edge Computing,2,0,0,,0.0
W3040491562,Subscription-Based Data-Sharing Model Using Blockchain and Data as a Service,1,0,0,,0.0
W3202603574,"COVID-19 acceleration in digitalisation, aggregate productivity growth and the functional income distribution",1,0,0,,0.0
W4281710558,Blockchain for Future Wireless Networks: A Decade Survey,1,0,0,,0.0
W4284704402,"A Taxonomy on Smart Healthcare Technologies: Security Framework, Case Study, and Future Directions",1,0,0,,0.0
W4288685807,New and emerging forms of data and technologies: literature and bibliometric review,1,0,0,,0.0
W4319769514,"Data-Driven Learning for Data Rights, Data Pricing, and Privacy Computing",3,0,0,,0.0
W4377865288,"The Dimensions of Data Labor: A Road Map for Researchers, Activists, and Policymakers to Empower Data Producers",1,0,0,,0.0
